,YearsCode,YearsCodePro,WorkExp,ConvertedCompYearly
YearsCode,1.0,0.915131248678213,0.6838547215226627,0.2305046704842923
YearsCodePro,0.915131248678213,1.0,0.7189788912757147,0.23424309820242917
WorkExp,0.6838547215226627,0.7189788912757147,1.0,0.1569868802615892
ConvertedCompYearly,0.2305046704842923,0.23424309820242917,0.1569868802615892,1.0
